{
  "title": "Marching",
  "duration": 60,
  "holdLastKeyframe": false,
  "nodeAnimations": {
    "Right_Leg_Top": {
      "position": {
        "0": [ 0, 1.5, 3 ],
        "14": [ 0, 0.5, 0.2905178 ],
        "30": [ 0, 0.5, -2 ],
        "42": [ 0, 0.8999996, 1 ],
        "60": [ 0, 1.5, 3 ]
      },
      "offsetFromPivot": {
      },
      "size": {
      },
      "rotation": {
        "0": [ -60.47559, 0, 0 ],
        "14": [ 4.911569, 0, 0 ],
        "30": [ 28.99226, 0, 0 ],
        "42": [ -37.08389, 0, 0 ],
        "60": [ -60.48, 0, 0 ]
      },
      "stretch": {
      }
    },
    "Right_Leg_Bottom": {
      "position": {
        "0": [ 0, 0, 0 ],
        "14": [ 0, 0, 0 ],
        "30": [ 0, 0, 0 ],
        "42": [ 0, 0, 0 ],
        "60": [ 0, 0, 0 ]
      },
      "offsetFromPivot": {
      },
      "size": {
      },
      "rotation": {
        "0": [ 81.50716, 0, 0 ],
        "14": [ 3.257729, 0, 0 ],
        "30": [ 0, 0, 0 ],
        "42": [ 75.87087, 0, 0 ],
        "60": [ 81.51, 0, 0 ]
      },
      "stretch": {
      }
    },
    "Right_Foot": {
      "position": {
        "0": [ 0, 0, 0 ],
        "14": [ 0, 0, 0 ],
        "30": [ 0, 0, 0 ],
        "42": [ 0, 0, 0 ],
        "60": [ 0, 0, 0 ]
      },
      "offsetFromPivot": {
      },
      "size": {
      },
      "rotation": {
        "0": [ 0, 0, 0 ],
        "14": [ -7.232514, 0, 0 ],
        "30": [ 27.23, 0, 0 ],
        "42": [ 54.30119, 0, 0 ],
        "60": [ 0, 0, 0 ]
      },
      "stretch": {
      }
    },
    "Left_Leg_Top": {
      "position": {
        "0": [ 0, 0.5, -2 ],
        "14": [ 0, 2.5, 0.33 ],
        "30": [ 0, 1.5, 3 ],
        "42": [ 0, 0.5, 0.3704889 ],
        "60": [ 0, 0.5, -2 ]
      },
      "offsetFromPivot": {
      },
      "size": {
      },
      "rotation": {
        "0": [ 37.32, 0, 0 ],
        "14": [ -16.79094, 0, 0 ],
        "30": [ -58.63521, 0, 0 ],
        "42": [ -7.8524, 0, 0 ],
        "60": [ 37.31687, 0, 0 ]
      },
      "stretch": {
      }
    },
    "Left_Leg_Bottom": {
      "position": {
        "0": [ 0, 0, 0 ],
        "14": [ 0, 0, 0 ],
        "30": [ 0, 0, 0 ],
        "42": [ 0, 0, 0 ],
        "60": [ 0, 0, 0 ]
      },
      "offsetFromPivot": {
      },
      "size": {
      },
      "rotation": {
        "0": [ 0, 0, 0 ],
        "14": [ 76.07693, 0, 0 ],
        "30": [ 81.51, 0, 0 ],
        "42": [ 8.453296, 0, 0 ],
        "60": [ 0, 0, 0 ]
      },
      "stretch": {
      }
    },
    "Left_Foot": {
      "position": {
        "0": [ 0, 0, 0 ],
        "14": [ 0, 0, 0 ],
        "30": [ 0, 0, 0 ],
        "42": [ 0, 0, 0 ],
        "60": [ 0, 0, 0 ]
      },
      "offsetFromPivot": {
      },
      "size": {
      },
      "rotation": {
        "0": [ 27.23, 0, 0 ],
        "14": [ 47.75227, 0, 0 ],
        "30": [ 0, 0, 0 ],
        "42": [ 0.6730143, 0, 0 ],
        "60": [ 27.23117, 0, 0 ]
      },
      "stretch": {
      }
    },
    "Left_Arm_Top": {
      "position": {
      },
      "offsetFromPivot": {
      },
      "size": {
      },
      "rotation": {
        "0": [ 72.18603, 8.217447, 4.356552 ],
        "16": [ 72.18603, 8.217447, 4.356552 ],
        "30": [ -14.62875, -27.46189, -19.72159 ],
        "48": [ -14.62875, -27.46189, -19.72159 ],
        "60": [ 72.18603, 8.217447, 4.356552 ]
      },
      "stretch": {
      }
    },
    "Right_Arm_Top": {
      "position": {
        "0": [ 0, 0, 0 ],
        "30": [ 0, 0, 0 ],
        "60": [ 0, 0, 0 ]
      },
      "offsetFromPivot": {
      },
      "size": {
      },
      "rotation": {
        "0": [ -11.56582, 28.5028, 23.86128 ],
        "16": [ -11.56582, 28.5028, 23.86128 ],
        "30": [ 76.92565, 0.291936, 2.411418 ],
        "46": [ 76.92565, 0.291936, 2.411418 ],
        "60": [ -11.56582, 28.5028, 23.86128 ]
      },
      "stretch": {
      }
    },
    "Left_Arm_Bottom": {
      "position": {
        "0": [ 0, 1, 2 ],
        "30": [ 0, 1, 2 ],
        "60": [ 0, 1, 2 ]
      },
      "offsetFromPivot": {
      },
      "size": {
      },
      "rotation": {
        "0": [ -85.80043, -89.9999, 89.9999 ],
        "30": [ -85.80048, -90.00002, 70.00002 ],
        "60": [ -85.80043, -89.9999, 89.9999 ]
      },
      "stretch": {
      }
    },
    "Left_Arm_Middle": {
      "position": {
      },
      "offsetFromPivot": {
      },
      "size": {
      },
      "rotation": {
        "0": [ -7.23932, 0.006531784, -0.0008847745 ],
        "30": [ -7.23932, 0.006531784, -0.0008847745 ],
        "60": [ -7.23932, 0.006531784, -0.0008847745 ]
      },
      "stretch": {
      }
    },
    "Right_Arm_Middle": {
      "position": {
        "0": [ 0, 0, 0 ],
        "30": [ 0, 0, 0 ],
        "60": [ 0, 0, 0 ]
      },
      "offsetFromPivot": {
      },
      "size": {
      },
      "rotation": {
        "0": [ -10.00803, -0.002872905, -30.00454 ],
        "30": [ -14.3774, -0.006369937, -11.66506 ],
        "60": [ -10.00803, -0.002872905, -30.00454 ]
      },
      "stretch": {
      }
    },
    "Right_Arm_Bottom": {
      "position": {
        "0": [ 0, 0, 0 ],
        "30": [ 0, 1, 1 ],
        "60": [ 0, 0, 0 ]
      },
      "offsetFromPivot": {
      },
      "size": {
      },
      "rotation": {
        "0": [ -67.66263, 20.1615, -10.93822 ],
        "30": [ -85.80057, 90.00005, -80.00006 ],
        "60": [ -67.66263, 20.1615, -10.93822 ]
      },
      "stretch": {
      }
    },
    "Body_Lower": {
      "position": {
        "0": [ 0, -1, 0 ],
        "14": [ 0, 0, 0 ],
        "30": [ 0, -1, 0 ],
        "42": [ 0, 0, 0 ],
        "60": [ 0, -1, 0 ]
      },
      "offsetFromPivot": {
      },
      "size": {
      },
      "rotation": {
        "0": [ 0, 0, 0 ],
        "14": [ 0, 0, 0 ],
        "30": [ 0, 0, 0 ],
        "42": [ 0, 0, 0 ],
        "60": [ 0, 0, 0 ]
      },
      "stretch": {
      }
    },
    "Left_Hand": {
      "position": {
      },
      "offsetFromPivot": {
      },
      "size": {
      },
      "rotation": {
        "0": [ 0, 0, 15.00245 ],
        "30": [ 0, 0, 15.00245 ],
        "60": [ 0, 0, 15.00245 ]
      },
      "stretch": {
      }
    },
    "Head": {
      "position": {
        "0": [ 0, 0, 0 ],
        "16": [ 0, -1, -1 ],
        "30": [ 0, 0, 0 ],
        "46": [ 0, -1, -1 ],
        "60": [ 0, 0, 0 ]
      },
      "offsetFromPivot": {
      },
      "size": {
      },
      "rotation": {
      },
      "stretch": {
      }
    }
  }
}