{
  "title": "Marching",
  "duration": 60,
  "holdLastKeyframe": false,
  "nodeAnimations": {
    "Right_Leg_Top": {
      "position": {
        "0": [ 0, 1.5, 3 ],
        "14": [ 0, 0.5, 0.2905178 ],
        "30": [ 0, 0.5, -2 ],
        "42": [ 0, 0.8999996, 1 ],
        "60": [ 0, 1.5, 3 ]
      },
      "offsetFromPivot": {
      },
      "size": {
      },
      "rotation": {
        "0": [ -60.47559, 0, 0 ],
        "14": [ 4.911569, 0, 0 ],
        "30": [ 28.99226, 0, 0 ],
        "42": [ -37.08389, 0, 0 ],
        "60": [ -60.48, 0, 0 ]
      },
      "stretch": {
      }
    },
    "Right_Leg_Bottom": {
      "position": {
        "0": [ 0, 0, 0 ],
        "14": [ 0, 0, 0 ],
        "30": [ 0, 0, 0 ],
        "42": [ 0, 0, 0 ],
        "60": [ 0, 0, 0 ]
      },
      "offsetFromPivot": {
      },
      "size": {
      },
      "rotation": {
        "0": [ 81.50716, 0, 0 ],
        "14": [ 3.257729, 0, 0 ],
        "30": [ 0, 0, 0 ],
        "42": [ 75.87087, 0, 0 ],
        "60": [ 81.51, 0, 0 ]
      },
      "stretch": {
      }
    },
    "Right_Foot": {
      "position": {
        "0": [ 0, 0, 0 ],
        "14": [ 0, 0, 0 ],
        "30": [ 0, 0, 0 ],
        "42": [ 0, 0, 0 ],
        "60": [ 0, 0, 0 ]
      },
      "offsetFromPivot": {
      },
      "size": {
      },
      "rotation": {
        "0": [ 0, 0, 0 ],
        "14": [ -7.232514, 0, 0 ],
        "30": [ 27.23, 0, 0 ],
        "42": [ 54.30119, 0, 0 ],
        "60": [ 0, 0, 0 ]
      },
      "stretch": {
      }
    },
    "Left_Leg_Top": {
      "position": {
        "0": [ 0, 0.5, -2 ],
        "14": [ 0, 2.5, 0.33 ],
        "30": [ 0, 1.5, 3 ],
        "42": [ 0, 0.5, 0.3704889 ],
        "60": [ 0, 0.5, -2 ]
      },
      "offsetFromPivot": {
      },
      "size": {
      },
      "rotation": {
        "0": [ 37.32, 0, 0 ],
        "14": [ -16.79094, 0, 0 ],
        "30": [ -58.63521, 0, 0 ],
        "42": [ -7.8524, 0, 0 ],
        "60": [ 37.31687, 0, 0 ]
      },
      "stretch": {
      }
    },
    "Left_Leg_Bottom": {
      "position": {
        "0": [ 0, 0, 0 ],
        "14": [ 0, 0, 0 ],
        "30": [ 0, 0, 0 ],
        "42": [ 0, 0, 0 ],
        "60": [ 0, 0, 0 ]
      },
      "offsetFromPivot": {
      },
      "size": {
      },
      "rotation": {
        "0": [ 0, 0, 0 ],
        "14": [ 76.07693, 0, 0 ],
        "30": [ 81.51, 0, 0 ],
        "42": [ 8.453296, 0, 0 ],
        "60": [ 0, 0, 0 ]
      },
      "stretch": {
      }
    },
    "Left_Foot": {
      "position": {
        "0": [ 0, 0, 0 ],
        "14": [ 0, 0, 0 ],
        "30": [ 0, 0, 0 ],
        "42": [ 0, 0, 0 ],
        "60": [ 0, 0, 0 ]
      },
      "offsetFromPivot": {
      },
      "size": {
      },
      "rotation": {
        "0": [ 27.23, 0, 0 ],
        "14": [ 47.75227, 0, 0 ],
        "30": [ 0, 0, 0 ],
        "42": [ 0.6730143, 0, 0 ],
        "60": [ 27.23117, 0, 0 ]
      },
      "stretch": {
      }
    },
    "Left_Arm_Top": {
      "position": {
      },
      "offsetFromPivot": {
      },
      "size": {
      },
      "rotation": {
        "0": [ -30, 0, -60 ],
        "16": [ -30, 0, -60 ],
        "30": [ 30, -90, -60 ],
        "48": [ 30, -90, -60 ],
        "60": [ -30, 0, -60 ]
      },
      "stretch": {
      }
    },
    "Right_Arm_Top": {
      "position": {
        "0": [ 0, 0, 0 ],
        "30": [ 0, 0, 0 ],
        "60": [ 0, 0, 0 ]
      },
      "offsetFromPivot": {
      },
      "size": {
      },
      "rotation": {
        "0": [ 30, 90, 60 ],
        "16": [ 30, 90, 60 ],
        "30": [ -30, 0, 60 ],
        "46": [ -30, 0, 60 ],
        "60": [ 30, 90, 60 ]
      },
      "stretch": {
      }
    },
    "Left_Arm_Bottom": {
      "position": {
        "0": [ 0, 1, 2 ],
        "30": [ 0, 1, 2 ],
        "60": [ 0, 1, 2 ]
      },
      "offsetFromPivot": {
      },
      "size": {
      },
      "rotation": {
        "0": [ -90, 90, 0 ],
        "30": [ -90, 70, 0 ],
        "60": [ -90, 90, 0 ]
      },
      "stretch": {
      }
    },
    "Left_Arm_Middle": {
      "position": {
      },
      "offsetFromPivot": {
      },
      "size": {
      },
      "rotation": {
        "0": [ -9.08, 2.04, -11.44 ],
        "30": [ -9.08, 2.04, -11.44 ],
        "60": [ -9.08, 2.04, -11.44 ]
      },
      "stretch": {
      }
    },
    "Right_Arm_Middle": {
      "position": {
        "0": [ 0, 0, 0 ],
        "30": [ 0, 0, 0 ],
        "60": [ 0, 0, 0 ]
      },
      "offsetFromPivot": {
      },
      "size": {
      },
      "rotation": {
        "0": [ -10.12, -2.25, -18.53 ],
        "30": [ -14.4, -3.15, 0 ],
        "60": [ -10.12, -2.25, -18.53 ]
      },
      "stretch": {
      }
    },
    "Right_Arm_Bottom": {
      "position": {
        "0": [ 0, 0, 0 ],
        "30": [ 0, 1, 1 ],
        "60": [ 0, 0, 0 ]
      },
      "offsetFromPivot": {
      },
      "size": {
      },
      "rotation": {
        "0": [ -67.76, -90, 0 ],
        "30": [ -90, -90, 0 ],
        "60": [ -67.76, -90, 0 ]
      },
      "stretch": {
      }
    },
    "Body_Lower": {
      "position": {
        "0": [ 0, -1, 0 ],
        "14": [ 0, 0, 0 ],
        "30": [ 0, -1, 0 ],
        "42": [ 0, 0, 0 ],
        "60": [ 0, -1, 0 ]
      },
      "offsetFromPivot": {
      },
      "size": {
      },
      "rotation": {
        "0": [ 0, 0, 0 ],
        "14": [ 0, 0, 0 ],
        "30": [ 0, 0, 0 ],
        "42": [ 0, 0, 0 ],
        "60": [ 0, 0, 0 ]
      },
      "stretch": {
      }
    },
    "Left_Hand": {
      "position": {
      },
      "offsetFromPivot": {
      },
      "size": {
      },
      "rotation": {
        "0": [ 0, 0, 15.00245 ],
        "30": [ 0, 0, 15.00245 ],
        "60": [ 0, 0, 15.00245 ]
      },
      "stretch": {
      }
    },
    "Head": {
      "position": {
        "0": [ -1, -1, 0 ],
        "16": [ 0, 0, -0.2445039 ],
        "30": [ 1, -1, 4.10714E-06 ],
        "46": [ 0, 0, -1 ],
        "60": [ -1, -1, 0 ]
      },
      "offsetFromPivot": {
      },
      "size": {
      },
      "rotation": {
      },
      "stretch": {
      }
    }
  }
}