{
  "title": "Undead Miner",
  "tree": [
    {
      "name": "Body_Lower",
      "position": [ 0, 10, 1 ],
      "offsetFromPivot": [ 0, 0, 0 ],
      "size": [ 8, 4, 4 ],
      "rotation": [ -7.188255, 0, 0 ],
      "texOffset": [ 2, 45 ],
      "children": [
        {
          "name": "Body_Upper",
          "position": [ 0, 2, -1 ],
          "offsetFromPivot": [ 0, 3, 1 ],
          "size": [ 8, 6, 4 ],
          "rotation": [ 22.65762, 0, 0 ],
          "texOffset": [ 1, 31 ],
          "children": [
            {
              "name": "Neck",
              "position": [ 0, 3.5, 0 ],
              "offsetFromPivot": [ 0, 0, 0 ],
              "size": [ 6, 1, 5 ],
              "rotation": [ 0, 0, 0 ],
              "texOffset": [ 15, 22 ],
              "children": [
                {
                  "name": "Head",
                  "position": [ 0, 5, 0 ],
                  "offsetFromPivot": [ 0, 0, 0 ],
                  "size": [ 10, 10, 10 ],
                  "rotation": [ -7.689113, 0, 0 ],
                  "texOffset": [ 0, 0 ],
                  "children": [
                    {
                      "name": "Helmet",
                      "position": [ 0, 3.553779E-06, 1.940526E-08 ],
                      "offsetFromPivot": [ 0, 0, 0 ],
                      "size": [ 12, 11, 11 ],
                      "rotation": [ 8.518065E-07, 0, 0 ],
                      "vertexCoords": [
                        [ -5.242539, 5.562497, -5.172507 ],
                        [ 5.242539, 5.562497, -5.172507 ],
                        [ 5.242539, -5.562497, -5.172507 ],
                        [ -5.242539, -5.562497, -5.172507 ],
                        [ 5.242539, 5.562497, 5.172507 ],
                        [ -5.242539, 5.562497, 5.172507 ],
                        [ -5.242539, -5.562497, 5.172507 ],
                        [ 5.242539, -5.562497, 5.172507 ]
                      ],
                      "texOffset": [ 82, 0 ],
                      "children": [
                        {
                          "name": "Light",
                          "position": [ 0, 4, 5 ],
                          "offsetFromPivot": [ 0, 0, 0 ],
                          "size": [ 4, 4, 2 ],
                          "rotation": [ 0, 0, 0 ],
                          "texOffset": [ 82, 24 ],
                          "children": []
                        }
                      ]
                    }
                  ]
                }
              ]
            },
            {
              "name": "Left_Arm_Top",
              "position": [ 5, 1, 0 ],
              "offsetFromPivot": [ 0, 0, 0 ],
              "size": [ 3, 4, 3 ],
              "rotation": [ -24.44205, -70.57382, 79.06808 ],
              "vertexCoords": [
                [ -1.35, 1.8, -1.35 ],
                [ 1.35, 1.8, -1.35 ],
                [ 1.35, -1.8, -1.35 ],
                [ -1.35, -1.8, -1.35 ],
                [ 1.35, 1.8, 1.35 ],
                [ -1.35, 1.8, 1.35 ],
                [ -1.35, -1.8, 1.35 ],
                [ 1.35, -1.8, 1.35 ]
              ],
              "texOffset": [ 47, 32 ],
              "children": [
                {
                  "name": "Left_Arm_Middle",
                  "position": [ -0.1, -2, 0.11 ],
                  "offsetFromPivot": [ 0, -1, 0 ],
                  "size": [ 3, 4, 3 ],
                  "rotation": [ -1.98366, 0.600652, -11.3005 ],
                  "texOffset": [ 47, 40 ],
                  "children": [
                    {
                      "name": "Left_Arm_Bottom",
                      "position": [ 1, -3, 0 ],
                      "offsetFromPivot": [ -1, -1, 0 ],
                      "size": [ 2, 4, 2 ],
                      "rotation": [ 0, 0, -4.199473 ],
                      "texOffset": [ 48, 49 ],
                      "children": [
                        {
                          "name": "Left_Hand",
                          "position": [ 1, -2, 0 ],
                          "offsetFromPivot": [ -1, -1, 0 ],
                          "size": [ 3, 3, 4 ],
                          "rotation": [ 0, 0, -15.72245 ],
                          "texOffset": [ 45, 56 ],
                          "children": [
                            {
                              "name": "Left_Thumb",
                              "position": [ -0.9576619, 0.4180285, 2 ],
                              "offsetFromPivot": [ 0, 0, 0 ],
                              "size": [ 2, 1, 1 ],
                              "rotation": [ 0, 0, -89.99999 ],
                              "texOffset": [ 56, 56 ],
                              "children": []
                            }
                          ]
                        }
                      ]
                    }
                  ]
                }
              ]
            },
            {
              "name": "Right_Arm_Top",
              "position": [ -5, 1, 0 ],
              "offsetFromPivot": [ 0, 0, 0 ],
              "size": [ 3, 4, 3 ],
              "rotation": [ -27.1051, 75.27844, -83.24118 ],
              "vertexCoords": [
                [ -1.35, 1.8, -1.35 ],
                [ 1.35, 1.8, -1.35 ],
                [ 1.35, -1.8, -1.35 ],
                [ -1.35, -1.8, -1.35 ],
                [ 1.35, 1.8, 1.35 ],
                [ -1.35, 1.8, 1.35 ],
                [ -1.35, -1.8, 1.35 ],
                [ 1.35, -1.8, 1.35 ]
              ],
              "texOffset": [ 30, 32 ],
              "children": [
                {
                  "name": "Right_Arm_Middle",
                  "position": [ 0.1, -2, 0.11 ],
                  "offsetFromPivot": [ 0, -1, 0 ],
                  "size": [ 3, 4, 3 ],
                  "rotation": [ -0.308453, -0.265945, 11.29381 ],
                  "texOffset": [ 30, 40 ],
                  "children": [
                    {
                      "name": "Right_Arm_Bottom",
                      "position": [ -1, -3, 0 ],
                      "offsetFromPivot": [ 1, -1, 0 ],
                      "size": [ 2, 4, 2 ],
                      "rotation": [ 0, 0, 4.199473 ],
                      "texOffset": [ 31, 49 ],
                      "children": [
                        {
                          "name": "Right_Hand",
                          "position": [ -1, -2, 0 ],
                          "offsetFromPivot": [ 1, -1, 0 ],
                          "size": [ 3, 3, 4 ],
                          "rotation": [ 0, 0, 15.72245 ],
                          "texOffset": [ 28, 56 ],
                          "children": [
                            {
                              "name": "Right_Thumb",
                              "position": [ 0.9185755, 0.4810317, 2 ],
                              "offsetFromPivot": [ 0, 0, 0 ],
                              "size": [ 2, 1, 1 ],
                              "rotation": [ 0, 0, -89.99999 ],
                              "texOffset": [ 39, 56 ],
                              "children": []
                            }
                          ]
                        }
                      ]
                    }
                  ]
                }
              ]
            }
          ]
        }
      ]
    },
    {
      "name": "Left_Leg_Top",
      "position": [ 2, 6, 2 ],
      "offsetFromPivot": [ 0, 0, 0 ],
      "size": [ 4, 5, 3 ],
      "rotation": [ -15.93757, 0, 0 ],
      "vertexCoords": [
        [ -1.8, 2.5, -1.35 ],
        [ 1.8, 2.5, -1.35 ],
        [ 1.8, -2.5, -1.35 ],
        [ -1.8, -2.5, -1.35 ],
        [ 1.8, 2.5, 1.35 ],
        [ -1.8, 2.5, 1.35 ],
        [ -1.8, -2.5, 1.35 ],
        [ 1.8, -2.5, 1.35 ]
      ],
      "texOffset": [ 64, 2 ],
      "children": [
        {
          "name": "Left_Leg_Bottom",
          "position": [ 0, -3, 0 ],
          "offsetFromPivot": [ 0, -1, 0 ],
          "size": [ 4, 3, 3 ],
          "rotation": [ 32.81283, 0, 0 ],