{
  "title": "Mining",
  "duration": 60,
  "holdLastKeyframe": false,
  "nodeAnimations": {
    "Body_Lower": {
      "position": {
      },
      "offsetFromPivot": {
      },
      "size": {
      },
      "rotation": {
        "0": [ 0, -22.07807, 0 ],
        "30": [ 0, -9.580473, 0 ],
        "60": [ 0, -22.08, 0 ]
      },
      "stretch": {
      }
    },
    "Left_Arm_Top": {
      "position": {
      },
      "offsetFromPivot": {
      },
      "size": {
      },
      "rotation": {
        "0": [ 6.700809E-09, 1.483852E-08, 11.58 ],
        "60": [ 6.700809E-09, 1.483852E-08, 11.58 ]
      },
      "stretch": {
      }
    },
    "Head": {
      "position": {
      },
      "offsetFromPivot": {
      },
      "size": {
      },
      "rotation": {
        "0": [ 0, 20.94535, 0 ],
        "30": [ 0, 8.502542, 0 ],
        "60": [ 0, 20.95, 0 ]
      },
      "stretch": {
      }
    },
    "Right_Arm_Top": {
      "position": {
      },
      "offsetFromPivot": {
      },
      "size": {
      },
      "rotation": {
        "0": [ 14.74225, 176.6894, 128.3868 ],
        "30": [ -67.79553, -20.77894, 46.18965 ],
        "58": [ 14.74225, 176.6894, 128.3868 ]
      },
      "stretch": {
      }
    },
    "Right_Arm_Bottom": {
      "position": {
      },
      "offsetFromPivot": {
      },
      "size": {
      },
      "rotation": {
        "0": [ -44.79266, -0.0005223081, 0.0007413584 ],
        "30": [ -9.984619, -0.0002288495, 0.002044986 ],
        "60": [ -44.79266, -0.001873456, 0.002837452 ]
      },
      "stretch": {
      }
    },
    "Right_Arm_Middle": {
      "position": {
      },
      "offsetFromPivot": {
      },
      "size": {
      },
      "rotation": {
        "0": [ -20.76643, -0.00222195, -0.004095211 ],
        "30": [ 4.53829, 0.0005063058, -0.0003302445 ],
        "60": [ -20.7623, 0.0006571276, -0.0003521329 ]
      },
      "stretch": {
      }
    },
    "Body_Upper": {
      "position": {
      },
      "offsetFromPivot": {
      },
      "size": {
      },
      "rotation": {
        "0": [ 0, 0, 0 ],
        "30": [ 3.858142, 0, 0 ],
        "60": [ 0, 0, 0 ]
      },
      "stretch": {
      }
    },
    "Left_Leg_Top": {
      "position": {
        "0": [ 0, 0, 2 ],
        "30": [ 0, 0, 1.63506 ],
        "60": [ 0, 0, 2 ]
      },
      "offsetFromPivot": {
      },
      "size": {
      },
      "rotation": {
        "0": [ -15, 0, 0 ]
      },
      "stretch": {
      }
    },
    "Right_Leg_Top": {
      "position": {
        "0": [ -1, 0, -1 ]
      },
      "offsetFromPivot": {
      },
      "size": {
      },
      "rotation": {
        "0": [ -1.403841E-07, -30, -7.511884 ],
        "30": [ 1.93854, -15.12294, -7.25688 ],
        "60": [ 3.245692E-10, -30, -7.510001 ]
      },
      "stretch": {
      }
    },
    "Right_Leg_Bottom": {
      "position": {
        "0": [ 0, 0, 0 ]
      },
      "offsetFromPivot": {
      },
      "size": {
      },
      "rotation": {
        "0": [ 0, 0, 9.857472 ],
        "30": [ 2.540211, -14.78822, 9.530297 ],
        "60": [ 0, 0, 9.860001 ]
      },
      "stretch": {
      }
    },
    "Left_Leg_Bottom": {
      "position": {
      },
      "offsetFromPivot": {
      },
      "size": {
      },
      "rotation": {
        "0": [ 15, 0, 0 ]
      },
      "stretch": {
      }
    }
  }
}