{
  "title": "Running",
  "duration": 60,
  "holdLastKeyframe": false,
  "nodeAnimations": {
    "Right_Leg_Top": {
      "position": {
        "0": [ 0, 1.5, 3 ],
        "14": [ 0, 0.5, 0.2905178 ],
        "30": [ 0, 0.5, -2 ],
        "42": [ 0, 0.8999996, 1 ],
        "60": [ 0, 1.5, 3 ]
      },
      "offsetFromPivot": {
      },
      "size": {
      },
      "rotation": {
        "0": [ -60.47559, 0, 0 ],
        "14": [ 4.911569, 0, 0 ],
        "30": [ 28.99226, 0, 0 ],
        "42": [ -37.08389, 0, 0 ],
        "60": [ -60.48, 0, 0 ]
      },
      "stretch": {
      }
    },
    "Right_Leg_Bottom": {
      "position": {
        "0": [ 0, 0, 0 ],
        "14": [ 0, 0, 0 ],
        "30": [ 0, 0, 0 ],
        "42": [ 0, 0, 0 ],
        "60": [ 0, 0, 0 ]
      },
      "offsetFromPivot": {
      },
      "size": {
      },
      "rotation": {
        "0": [ 81.50716, 0, 0 ],
        "14": [ 3.257729, 0, 0 ],
        "30": [ 0, 0, 0 ],
        "42": [ 75.87087, 0, 0 ],
        "60": [ 81.51, 0, 0 ]
      },
      "stretch": {
      }
    },
    "Right_Foot": {
      "position": {
        "0": [ 0, 0, 0 ],
        "14": [ 0, 0, 0 ],
        "30": [ 0, 0, 0 ],
        "42": [ 0, 0, 0 ],
        "60": [ 0, 0, 0 ]
      },
      "offsetFromPivot": {
      },
      "size": {
      },
      "rotation": {
        "0": [ 0, 0, 0 ],
        "14": [ -7.232514, 0, 0 ],
        "30": [ 27.23, 0, 0 ],
        "42": [ 54.30119, 0, 0 ],
        "60": [ 0, 0, 0 ]
      },
      "stretch": {
      }
    },
    "Left_Leg_Top": {
      "position": {
        "0": [ 0, 0.5, -2 ],
        "14": [ 0, 2.5, 0.33 ],
        "30": [ 0, 1.5, 3 ],
        "42": [ 0, 0.5, 0.3704889 ],
        "60": [ 0, 0.5, -2 ]
      },
      "offsetFromPivot": {
      },
      "size": {
      },
      "rotation": {
        "0": [ 37.32, 0, 0 ],
        "14": [ -16.79094, 0, 0 ],
        "30": [ -58.63521, 0, 0 ],
        "42": [ -7.8524, 0, 0 ],
        "60": [ 37.31687, 0, 0 ]
      },
      "stretch": {
      }
    },
    "Left_Leg_Bottom": {
      "position": {
        "0": [ 0, 0, 0 ],
        "14": [ 0, 0, 0 ],
        "30": [ 0, 0, 0 ],
        "42": [ 0, 0, 0 ],
        "60": [ 0, 0, 0 ]
      },
      "offsetFromPivot": {
      },
      "size": {
      },
      "rotation": {
        "0": [ 0, 0, 0 ],
        "14": [ 76.07693, 0, 0 ],
        "30": [ 81.51, 0, 0 ],
        "42": [ 8.453296, 0, 0 ],
        "60": [ 0, 0, 0 ]
      },
      "stretch": {
      }
    },
    "Left_Foot": {
      "position": {
        "0": [ 0, 0, 0 ],
        "14": [ 0, 0, 0 ],
        "30": [ 0, 0, 0 ],
        "42": [ 0, 0, 0 ],
        "60": [ 0, 0, 0 ]
      },
      "offsetFromPivot": {
      },
      "size": {
      },
      "rotation": {
        "0": [ 27.23, 0, 0 ],
        "14": [ 47.75227, 0, 0 ],
        "30": [ 0, 0, 0 ],
        "42": [ 0.6730143, 0, 0 ],
        "60": [ 27.23117, 0, 0 ]
      },
      "stretch": {
      }
    },
    "Left_Arm_Top": {
      "position": {
      },
      "offsetFromPivot": {
      },
      "size": {
      },
      "rotation": {
        "0": [ 65.32725, 5.582222E-06, 6.564877E-06 ],
        "30": [ -21.83569, 0.001057738, -0.0004780648 ],
        "60": [ 65.32869, -8.93069E-05, -0.001065212 ]
      },
      "stretch": {
      }
    },
    "Right_Arm_Top": {
      "position": {
        "0": [ 0, 0, 0 ],
        "30": [ 0, 0, 0 ],
        "60": [ 0, 0, 0 ]
      },
      "offsetFromPivot": {
      },
      "size": {
      },
      "rotation": {
        "0": [ -46.86813, 0.005213798, -0.00212309 ],
        "30": [ 65.71961, 0.0004459578, -0.003530105 ],
        "60": [ -46.8721, 0.007751787, -0.004553314 ]
      },
      "stretch": {
      }
    },
    "Left_Arm_Bottom": {
      "position": {
        "0": [ 0, 0, 0 ],
        "60": [ 0, 0, 0 ]
      },
      "offsetFromPivot": {
      },
      "size": {
      },
      "rotation": {
        "0": [ -80.14339, 0.003030678, -0.003075947 ],
        "60": [ -80.13998, 0.01583008, -0.01342971 ]
      },
      "stretch": {
      }
    },
    "Left_Arm_Middle": {
      "position": {
      },
      "offsetFromPivot": {
      },
      "size": {
      },
      "rotation": {
        "0": [ -37.23876, -0.0002866167, 0.0006032459 ],
        "60": [ -37.23851, 0.001459385, 0.002907111 ]
      },
      "stretch": {
      }
    },
    "Right_Arm_Middle": {
      "position": {
        "0": [ 0, 0, 0 ],
        "30": [ 0, 0, 0 ],
        "60": [ 0, 0, 0 ]
      },
      "offsetFromPivot": {
      },
      "size": {
      },
      "rotation": {
        "0": [ -10.00802, -0.002872999, -0.00454734 ],
        "30": [ -14.38037, -0.002515045, -0.004622716 ],
        "60": [ -10.0107, -0.002997611, -0.003888981 ]
      },
      "stretch": {
      }
    },
    "Right_Arm_Bottom": {
      "position": {
        "0": [ 0, 0, 0 ],
        "60": [ 0, 0, 0 ]
      },
      "offsetFromPivot": {
      },
      "size": {
      },
      "rotation": {
        "0": [ -72.21355, -0.001659778, 0.004261698 ],
        "60": [ -72.21053, -0.001640604, 0.001723046 ]
      },
      "stretch": {
      }
    },
    "Body_Lower": {
      "position": {
        "0": [ 0, -1, 0 ],
        "14": [ 0, 0, 0 ],
        "30": [ 0, -1, 0 ],
        "42": [ 0, 0, 0 ],
        "60": [ 0, -1, 0 ]
      },
      "offsetFromPivot": {
      },
      "size": {
      },
      "rotation": {
        "0": [ 0, 0, 0 ],
        "14": [ 0, 0, 0 ],
        "30": [ 0, 0, 0 ],
        "42": [ 0, 0, 0 ],
        "60": [ 0, 0, 0 ]
      },
      "stretch": {
      }
    }
  }
}