{
  "title": "Sneak_Walk",
  "duration": 60,
  "holdLastKeyframe": false,
  "nodeAnimations": {
    "Block": {
      "position": {
      },
      "offsetFromPivot": {
      },
      "size": {
      },
      "rotation": {
        "0": [ 0, 0, 0 ],
        "30": [ 56.82064, 0, 0 ],
        "60": [ 0, 0, 0 ]
      },
      "stretch": {
      }
    },
    "Body_Upper": {
      "position": {
        "0": [ 0, -1, 0.15 ],
        "16": [ 0, -1, 0.124666 ],
        "40": [ 0, -1, -0.06545329 ],
        "60": [ 0, -1, 0.15 ]
      },
      "offsetFromPivot": {
      },
      "size": {
      },
      "rotation": {
        "0": [ -0.7699999, 0, 0 ],
        "16": [ 2.233175, 0, 0 ],
        "30": [ 0.7634478, 0, 0 ],
        "40": [ -0.2019783, 0, 0 ],
        "60": [ -0.7699999, 0, 0 ]
      },
      "stretch": {
      }
    },
    "Left_Arm_Top": {
      "position": {
      },
      "offsetFromPivot": {
      },
      "size": {
      },
      "rotation": {
        "0": [ -29.91056, -0.5393848, 16.9798 ],
        "60": [ -29.91056, -0.5393848, 16.9798 ]
      },
      "stretch": {
      }
    },
    "Right_Arm_Top": {
      "position": {
      },
      "offsetFromPivot": {
      },
      "size": {
      },
      "rotation": {
        "0": [ -30.00217, -0.0005346249, -14.99479 ],
        "60": [ -30.00217, -0.0005346249, -14.99479 ]
      },
      "stretch": {
      }
    },
    "Head": {
      "position": {
        "0": [ 0, 0, 0 ],
        "30": [ 0, -0.2145972, 0 ],
        "60": [ 0, 0, 0 ]
      },
      "offsetFromPivot": {
      },
      "size": {
      },
      "rotation": {
      },
      "stretch": {
      }
    },
    "Right_Leg_Top": {
      "position": {
        "0": [ 0, -2, -1 ],
        "14": [ 0, -0.5, 0.5466557 ],
        "30": [ 0, -2, 1 ],
        "60": [ 0, -2, -1 ]
      },
      "offsetFromPivot": {
      },
      "size": {
      },
      "rotation": {
        "0": [ -13.22, 0, 0 ],
        "14": [ -11.46, 0, 0 ],
        "30": [ -38.41, 0, 0 ],
        "60": [ -14.49, 0, 0 ]
      },
      "stretch": {
      }
    },
    "Left_Leg_Top": {
      "position": {
        "0": [ 0, -1.5, 1 ],
        "30": [ 0, -1.5, -2.980232E-07 ],
        "44": [ 0, -0.5, 0.47 ],
        "60": [ 0, -1.5, 1 ]
      },
      "offsetFromPivot": {
      },
      "size": {
      },
      "rotation": {
        "0": [ -22.56, 0, 0 ],
        "14": [ -10.03, 0, 0 ],
        "30": [ -7.25, 0, 0 ],
        "44": [ -28.15, 0, 0 ],
        "60": [ -25.66, 0, 0 ]
      },
      "stretch": {
      }
    },
    "Left_Leg_Bottom": {
      "position": {
      },
      "offsetFromPivot": {
      },
      "size": {
      },
      "rotation": {
        "0": [ 28.88, 0, 0 ],
        "30": [ 43.68, 0, 0 ],
        "44": [ 79.69997, 0, 0 ],
        "60": [ 28.88, 0, 0 ]
      },
      "stretch": {
      }
    },
    "Left_Foot": {
      "position": {
        "0": [ 0, 0.3, 0 ],
        "30": [ 0, -0.1303627, 0.5 ],
        "60": [ 0, 0.3, 0 ]
      },
      "offsetFromPivot": {
      },
      "size": {
      },
      "rotation": {
        "0": [ -15, 0, 0 ],
        "14": [ -24.16671, 0, 0 ],
        "30": [ -37.13887, 0, 0 ],
        "44": [ 3.19, 0, 0 ],
        "60": [ -15, 0, 0 ]
      },
      "stretch": {
      }
    },
    "Body_Lower": {
      "position": {
        "0": [ 0, -2, 0 ],
        "14": [ 0, -3, 0 ],
        "30": [ 0, -2, 0 ],
        "44": [ 0, -3, 0 ],
        "60": [ 0, -2, 0 ]
      },
      "offsetFromPivot": {
      },
      "size": {
      },
      "rotation": {
        "0": [ 15, 0, 0 ],
        "60": [ 15, 0, 0 ]
      },
      "stretch": {
      }
    },
    "Right_Leg_Bottom": {
      "position": {
      },
      "offsetFromPivot": {
      },
      "size": {
      },
      "rotation": {
        "0": [ 75.00002, 0, 0 ],
        "14": [ 79.35999, 0, 0 ],
        "30": [ 52.2039, 0, 0 ],
        "60": [ 74.99999, 0, 0 ]
      },
      "stretch": {
      }
    },
    "Right_Foot": {
      "position": {
        "0": [ 0, 0.3, 1.5 ],
        "30": [ 0, 0.3, 1.5 ],
        "60": [ 0, 0.3, 1.5 ]
      },
      "offsetFromPivot": {
      },
      "size": {
      },
      "rotation": {
        "0": [ -60, 0, 0 ],
        "14": [ 14, 0, 0 ],
        "30": [ -30, 0, 0 ],
        "44": [ -33.72778, 0, 0 ],
        "60": [ -60, 0, 0 ]
      },
      "stretch": {
      }
    },
    "Neck": {
      "position": {
        "0": [ 0, -0.5, 0.2362437 ],
        "60": [ 0, -0.5, 0 ]
      },
      "offsetFromPivot": {
      },
      "size": {
      },
      "rotation": {
        "0": [ 345, 0, 0 ],
        "60": [ 345, 0, 0 ]
      },
      "stretch": {
      }
    },
    "Left_Arm_Bottom": {
      "position": {
      },
      "offsetFromPivot": {
      },
      "size": {
      },
      "rotation": {
        "0": [ -30, 0.0003038241, -0.0006075948 ],
        "12": [ -44.99871, 0.0005628575, -0.004670511 ],
        "60": [ -29.99871, -0.0008329573, -0.003813579 ]
      },
      "stretch": {
      }
    },
    "Right_Arm_Bottom": {
      "position": {
      },
      "offsetFromPivot": {
      },
      "size": {
      },
      "rotation": {
        "0": [ -30, -0.0003038241, 0.0006075948 ],
        "12": [ -44.99871, -0.0005628575, 0.004670511 ],
        "60": [ -29.99871, 0.0008329573, 0.003813579 ]
      },
      "stretch": {
      }
    }
  }
}