{
  "title": "Stabbing",
  "duration": 60,
  "holdLastKeyframe": false,
  "nodeAnimations": {
    "Body_Lower": {
      "position": {
      },
      "offsetFromPivot": {
      },
      "size": {
      },
      "rotation": {
        "0": [ 0, -22.07807, 0 ],
        "30": [ 0, -9.580473, 0 ],
        "60": [ 0, -22.08, 0 ]
      },
      "stretch": {
      }
    },
    "Left_Arm_Top": {
      "position": {
      },
      "offsetFromPivot": {
      },
      "size": {
      },
      "rotation": {
        "0": [ 6.700809E-09, 1.483852E-08, 11.58 ],
        "60": [ 6.700809E-09, 1.483852E-08, 11.58 ]
      },
      "stretch": {
      }
    },
    "Head": {
      "position": {
      },
      "offsetFromPivot": {
      },
      "size": {
      },
      "rotation": {
        "0": [ 0, 20.94535, 0 ],
        "30": [ 0, 8.502542, 0 ],
        "60": [ 0, 20.95, 0 ]
      },
      "stretch": {
      }
    },
    "Right_Hand": {
      "position": {
      },
      "offsetFromPivot": {
      },
      "size": {
      },
      "rotation": {
        "0": [ 74.21864, -84.91974, 3.179738 ],
        "30": [ 74.2187, -84.923, 3.173602 ],
        "60": [ 74.21864, -84.91974, 3.179738 ]
      },
      "stretch": {
      }
    },
    "Right_Arm_Top": {
      "position": {
      },
      "offsetFromPivot": {
      },
      "size": {
      },
      "rotation": {
        "0": [ 12.07146, -43.7977, -77.70248 ],
        "30": [ -16.72617, 103.3723, -93.90972 ],
        "60": [ 12.06999, -43.79969, -77.70452 ]
      },
      "stretch": {
      }
    },
    "Right_Arm_Middle": {
      "position": {
      },
      "offsetFromPivot": {
      },
      "size": {
      },
      "rotation": {
        "0": [ -35.53628, 179.9936, -179.9953 ],
        "30": [ 0.6924669, -0.002850922, -13.42322 ],
        "60": [ -35.53268, 179.9933, -179.9933 ]
      },
      "stretch": {
      }
    },
    "Body_Upper": {
      "position": {
      },
      "offsetFromPivot": {
      },
      "size": {
      },
      "rotation": {
        "0": [ 0, 0, 0 ],
        "30": [ 3.858142, 0, 0 ],
        "60": [ 0, 0, 0 ]
      },
      "stretch": {
      }
    },
    "Left_Leg_Top": {
      "position": {
        "0": [ 0, 0, 2 ],
        "30": [ 0, 0, 1.63506 ],
        "60": [ 0, 0, 2 ]
      },
      "offsetFromPivot": {
      },
      "size": {
      },
      "rotation": {
        "0": [ -15, 0, 0 ]
      },
      "stretch": {
      }
    },
    "Right_Leg_Top": {
      "position": {
        "0": [ -1, 0, -1 ]
      },
      "offsetFromPivot": {
      },
      "size": {
      },
      "rotation": {
        "0": [ -1.403841E-07, -30, -7.511884 ],
        "30": [ 1.93854, -15.12294, -7.25688 ],
        "60": [ 3.245692E-10, -30, -7.510001 ]
      },
      "stretch": {
      }
    },
    "Right_Leg_Bottom": {
      "position": {
        "0": [ 0, 0, 0 ]
      },
      "offsetFromPivot": {
      },
      "size": {
      },
      "rotation": {
        "0": [ 0, 0, 9.857472 ],
        "30": [ 2.540211, -14.78822, 9.530297 ],
        "60": [ 0, 0, 9.860001 ]
      },
      "stretch": {
      }
    },
    "Left_Leg_Bottom": {
      "position": {
      },
      "offsetFromPivot": {
      },
      "size": {
      },
      "rotation": {
        "0": [ 15, 0, 0 ]
      },
      "stretch": {
      }
    }
  }
}